[
  {
    "name": "Ingolstadt",
    "rkiName": "SK Ingolstadt",
    "type": "Stadt",
    "state": "Bayern",
    "pop": 137392,
    "ags": "09161",
    "district": "Oberbayern",
    "lat": 48.7562808207919,
    "long": 11.4088936188915
  },
  {
    "name": "München",
    "rkiName": "SK München",
    "type": "Stadt",
    "state": "Bayern",
    "pop": 1484226,
    "ags": "09162",
    "district": "Oberbayern",
    "lat": 48.152126,
    "long": 11.544467
  },
  {
    "name": "Rosenheim",
    "rkiName": "SK Rosenheim",
    "type": "Stadt",
    "state": "Bayern",
    "pop": 63551,
    "ags": "09163",
    "district": "Oberbayern",
    "lat": 47.8440398976524,
    "long": 12.1099878481968
  },
  {
    "name": "Altötting",
    "rkiName": "LK Altötting",
    "type": "Landkreis",
    "state": "Bayern",
    "pop": 111516,
    "ags": "09171",
    "district": "Oberbayern",
    "lat": 48.225938,
    "long": 12.675712
  },
  {
    "name": "Berchtesgadener Land",
    "rkiName": "LK Berchtesgadener Land",
    "type": "Landkreis",
    "state": "Bayern",
    "pop": 105929,
    "ags": "09172",
    "district": "Oberbayern",
    "lat": 47.6454174066272,
    "long": 12.9310082384982
  },
  {
    "name": "Bad Tölz-Wolfratshausen",
    "rkiName": "LK Bad Tölz-Wolfratshausen",
    "type": "Landkreis",
    "state": "Bayern",
    "pop": 127917,
    "ags": "09173",
    "district": "Oberbayern",
    "lat": 47.7414335829133,
    "long": 11.5164123353478
  },
  {
    "name": "Dachau",
    "rkiName": "LK Dachau",
    "type": "Landkreis",
    "state": "Bayern",
    "pop": 154899,
    "ags": "09174",
    "district": "Oberbayern",
    "lat": 48.3226938092016,
    "long": 11.3626676257505
  },
  {
    "name": "Ebersberg",
    "rkiName": "LK Ebersberg",
    "type": "Landkreis",
    "state": "Bayern",
    "pop": 143649,
    "ags": "09175",
    "district": "Oberbayern",
    "lat": 48.075524,
    "long": 11.965774
  },
  {
    "name": "Eichstätt",
    "rkiName": "LK Eichstätt",
    "type": "Landkreis",
    "state": "Bayern",
    "pop": 132881,
    "ags": "09176",
    "district": "Oberbayern",
    "lat": 48.9134888352785,
    "long": 11.3780762901309
  },
  {
    "name": "Erding",
    "rkiName": "LK Erding",
    "type": "Landkreis",
    "state": "Bayern",
    "pop": 138182,
    "ags": "09177",
    "district": "Oberbayern",
    "lat": 48.3124470265105,
    "long": 12.0175358619147
  },
  {
    "name": "Freising",
    "rkiName": "LK Freising",
    "type": "Landkreis",
    "state": "Bayern",
    "pop": 180007,
    "ags": "09178",
    "district": "Oberbayern",
    "lat": 48.4454947006442,
    "long": 11.7478842352589
  },
  {
    "name": "Fürstenfeldbruck",
    "rkiName": "LK Fürstenfeldbruck",
    "type": "Landkreis",
    "state": "Bayern",
    "pop": 219311,
    "ags": "09179",
    "district": "Oberbayern",
    "lat": 48.1893250777071,
    "long": 11.2085809819472
  },
  {
    "name": "Garmisch-Partenkirchen",
    "rkiName": "LK Garmisch-Partenkirchen",
    "type": "Landkreis",
    "state": "Bayern",
    "pop": 88424,
    "ags": "09180",
    "district": "Oberbayern",
    "lat": 47.5772989707073,
    "long": 11.1181857575702
  },
  {
    "name": "Landsberg am Lech",
    "rkiName": "LK Landsberg a.Lech",
    "type": "Landkreis",
    "state": "Bayern",
    "pop": 120302,
    "ags": "09181",
    "district": "Oberbayern",
    "lat": 48.0247012140085,
    "long": 10.9389293552914
  },
  {
    "name": "Miesbach",
    "rkiName": "LK Miesbach",
    "type": "Landkreis",
    "state": "Bayern",
    "pop": 100010,
    "ags": "09182",
    "district": "Oberbayern",
    "lat": 47.7574190922338,
    "long": 11.8135963486147
  },
  {
    "name": "Mühldorf am Inn",
    "rkiName": "LK Mühldorf a.Inn",
    "type": "Landkreis",
    "state": "Bayern",
    "pop": 115872,
    "ags": "09183",
    "district": "Oberbayern",
    "lat": 48.2509231071583,
    "long": 12.4027524714231
  },
  {
    "name": "München",
    "rkiName": "LK München",
    "type": "Landkreis",
    "state": "Bayern",
    "pop": 350473,
    "ags": "09184",
    "district": "Oberbayern",
    "lat": 48.0199880938083,
    "long": 11.6382667158327
  },
  {
    "name": "Neuburg-Schrobenhausen",
    "rkiName": "LK Neuburg-Schrobenhausen",
    "type": "Landkreis",
    "state": "Bayern",
    "pop": 97303,
    "ags": "09185",
    "district": "Oberbayern",
    "lat": 48.6596836138332,
    "long": 11.2162853141374
  },
  {
    "name": "Pfaffenhofen an der Ilm",
    "rkiName": "LK Pfaffenhofen a.d.Ilm",
    "type": "Landkreis",
    "state": "Bayern",
    "pop": 128227,
    "ags": "09186",
    "district": "Oberbayern",
    "lat": 48.5985792965191,
    "long": 11.5167542695539
  },
  {
    "name": "Rosenheim",
    "rkiName": "LK Rosenheim",
    "type": "Landkreis",
    "state": "Bayern",
    "pop": 261330,
    "ags": "09187",
    "district": "Oberbayern",
    "lat": 47.961946,
    "long": 12.204572
  },
  {
    "name": "Starnberg",
    "rkiName": "LK Starnberg",
    "type": "Landkreis",
    "state": "Bayern",
    "pop": 136667,
    "ags": "09188",
    "district": "Oberbayern",
    "lat": 48.0092406890433,
    "long": 11.2856243038489
  },
  {
    "name": "Traunstein",
    "rkiName": "LK Traunstein",
    "type": "Landkreis",
    "state": "Bayern",
    "pop": 177319,
    "ags": "09189",
    "district": "Oberbayern",
    "lat": 47.868936,
    "long": 12.637012
  },
  {
    "name": "Weilheim-Schongau",
    "rkiName": "LK Weilheim-Schongau",
    "type": "Landkreis",
    "state": "Bayern",
    "pop": 135478,
    "ags": "09190",
    "district": "Oberbayern",
    "lat": 47.8043516216407,
    "long": 11.0426555740801
  },
  {
    "name": "Landshut",
    "rkiName": "SK Landshut",
    "type": "Stadt",
    "state": "Bayern",
    "pop": 73411,
    "ags": "09261",
    "district": "Niederbayern",
    "lat": 48.533862,
    "long": 12.148372
  },
  {
    "name": "Passau",
    "rkiName": "SK Passau",
    "type": "Stadt",
    "state": "Bayern",
    "pop": 52803,
    "ags": "09262",
    "district": "Niederbayern",
    "lat": 48.57819474681,
    "long": 13.4197243205251
  },
  {
    "name": "Straubing",
    "rkiName": "SK Straubing",
    "type": "Stadt",
    "state": "Bayern",
    "pop": 47791,
    "ags": "09263",
    "district": "Niederbayern",
    "lat": 48.877309,
    "long": 12.585256
  },
  {
    "name": "Deggendorf",
    "rkiName": "LK Deggendorf",
    "type": "Landkreis",
    "state": "Bayern",
    "pop": 119478,
    "ags": "09271",
    "district": "Niederbayern",
    "lat": 48.7859588519353,
    "long": 13.0023324016822
  },
  {
    "name": "Freyung-Grafenau",
    "rkiName": "LK Freyung-Grafenau",
    "type": "Landkreis",
    "state": "Bayern",
    "pop": 78362,
    "ags": "09272",
    "district": "Niederbayern",
    "lat": 48.811368,
    "long": 13.54415
  },
  {
    "name": "Kelheim",
    "rkiName": "LK Kelheim",
    "type": "Landkreis",
    "state": "Bayern",
    "pop": 123058,
    "ags": "09273",
    "district": "Niederbayern",
    "lat": 48.8374820430181,
    "long": 11.8865622146819
  },
  {
    "name": "Landshut",
    "rkiName": "LK Landshut",
    "type": "Landkreis",
    "state": "Bayern",
    "pop": 159895,
    "ags": "09274",
    "district": "Niederbayern",
    "lat": 48.670456,
    "long": 12.106601
  },
  {
    "name": "Passau",
    "rkiName": "LK Passau",
    "type": "Landkreis",
    "state": "Bayern",
    "pop": 192656,
    "ags": "09275",
    "district": "Niederbayern",
    "lat": 48.4965743086636,
    "long": 13.2425246801513
  },
  {
    "name": "Regen",
    "rkiName": "LK Regen",
    "type": "Landkreis",
    "state": "Bayern",
    "pop": 77410,
    "ags": "09276",
    "district": "Niederbayern",
    "lat": 49.0203770959452,
    "long": 13.1271496872543
  },
  {
    "name": "Rottal-Inn",
    "rkiName": "LK Rottal-Inn",
    "type": "Landkreis",
    "state": "Bayern",
    "pop": 121502,
    "ags": "09277",
    "district": "Niederbayern",
    "lat": 48.4301607909982,
    "long": 12.8727167350233
  },
  {
    "name": "Straubing-Bogen",
    "rkiName": "LK Straubing-Bogen",
    "type": "Landkreis",
    "state": "Bayern",
    "pop": 101120,
    "ags": "09278",
    "district": "Niederbayern",
    "lat": 48.9935130644356,
    "long": 12.6860206221275
  },
  {
    "name": "Dingolfing-Landau",
    "rkiName": "LK Dingolfing-Landau",
    "type": "Landkreis",
    "state": "Bayern",
    "pop": 96683,
    "ags": "09279",
    "district": "Niederbayern",
    "lat": 48.6393237292882,
    "long": 12.6338824371281
  },
  {
    "name": "Amberg",
    "rkiName": "SK Amberg",
    "type": "Stadt",
    "state": "Bayern",
    "pop": 42207,
    "ags": "09361",
    "district": "Oberpfalz",
    "lat": 49.4523238032009,
    "long": 11.8403362215409
  },
  {
    "name": "Regensburg",
    "rkiName": "SK Regensburg",
    "type": "Stadt",
    "state": "Bayern",
    "pop": 153094,
    "ags": "09362",
    "district": "Oberpfalz",
    "lat": 49.0125808663994,
    "long": 12.1107803618816
  },
  {
    "name": "Weiden in der Oberpfalz",
    "rkiName": "SK Weiden i.d.OPf.",
    "type": "Stadt",
    "state": "Bayern",
    "pop": 42743,
    "ags": "09363",
    "district": "Oberpfalz",
    "lat": 49.673149,
    "long": 12.137639
  },
  {
    "name": "Amberg-Sulzbach",
    "rkiName": "LK Amberg-Sulzbach",
    "type": "Landkreis",
    "state": "Bayern",
    "pop": 103049,
    "ags": "09371",
    "district": "Oberpfalz",
    "lat": 49.5623855918672,
    "long": 11.7093625743081
  },
  {
    "name": "Cham",
    "rkiName": "LK Cham",
    "type": "Landkreis",
    "state": "Bayern",
    "pop": 127998,
    "ags": "09372",
    "district": "Oberpfalz",
    "lat": 49.2304138987159,
    "long": 12.6694863068233
  },
  {
    "name": "Neumarkt in der Oberpfalz",
    "rkiName": "LK Neumarkt i.d.OPf.",
    "type": "Landkreis",
    "state": "Bayern",
    "pop": 134573,
    "ags": "09373",
    "district": "Oberpfalz",
    "lat": 49.226532411996,
    "long": 11.5580180972052
  },
  {
    "name": "Neustadt an der Waldnaab",
    "rkiName": "LK Neustadt a.d.Waldnaab",
    "type": "Landkreis",
    "state": "Bayern",
    "pop": 94450,
    "ags": "09374",
    "district": "Oberpfalz",
    "lat": 49.7369738033322,
    "long": 11.8634492181114
  },
  {
    "name": "Regensburg",
    "rkiName": "LK Regensburg",
    "type": "Landkreis",
    "state": "Bayern",
    "pop": 194070,
    "ags": "09375",
    "district": "Oberpfalz",
    "lat": 49.0163286819421,
    "long": 12.3034382828995
  },
  {
    "name": "Schwandorf",
    "rkiName": "LK Schwandorf",
    "type": "Landkreis",
    "state": "Bayern",
    "pop": 147872,
    "ags": "09376",
    "district": "Oberpfalz",
    "lat": 49.3660738697256,
    "long": 12.2474850079843
  },
  {
    "name": "Tirschenreuth",
    "rkiName": "LK Tirschenreuth",
    "type": "Landkreis",
    "state": "Bayern",
    "pop": 72046,
    "ags": "09377",
    "district": "Oberpfalz",
    "lat": 49.9158973015891,
    "long": 12.1716225057181
  },
  {
    "name": "Bamberg",
    "rkiName": "SK Bamberg",
    "type": "Stadt",
    "state": "Bayern",
    "pop": 77373,
    "ags": "09461",
    "district": "Oberfranken",
    "lat": 49.895431,
    "long": 10.897137
  },
  {
    "name": "Bayreuth",
    "rkiName": "SK Bayreuth",
    "type": "Stadt",
    "state": "Bayern",
    "pop": 74783,
    "ags": "09462",
    "district": "Oberfranken",
    "lat": 49.945412,
    "long": 11.584207
  },
  {
    "name": "Coburg",
    "rkiName": "SK Coburg",
    "type": "Stadt",
    "state": "Bayern",
    "pop": 41072,
    "ags": "09463",
    "district": "Oberfranken",
    "lat": 50.258998,
    "long": 10.961291
  },
  {
    "name": "Hof",
    "rkiName": "SK Hof",
    "type": "Stadt",
    "state": "Bayern",
    "pop": 45825,
    "ags": "09464",
    "district": "Oberfranken",
    "lat": 50.316424,
    "long": 11.918817
  },
  {
    "name": "Bamberg",
    "rkiName": "LK Bamberg",
    "type": "Landkreis",
    "state": "Bayern",
    "pop": 147163,
    "ags": "09471",
    "district": "Oberfranken",
    "lat": 49.93985,
    "long": 11.087137
  },
  {
    "name": "Bayreuth",
    "rkiName": "LK Bayreuth",
    "type": "Landkreis",
    "state": "Bayern",
    "pop": 103664,
    "ags": "09472",
    "district": "Oberfranken",
    "lat": 49.8066338070837,
    "long": 11.4936412729834
  },
  {
    "name": "Coburg",
    "rkiName": "LK Coburg",
    "type": "Landkreis",
    "state": "Bayern",
    "pop": 86747,
    "ags": "09473",
    "district": "Oberfranken",
    "lat": 50.3455664077374,
    "long": 10.8387730368192
  },
  {
    "name": "Forchheim",
    "rkiName": "LK Forchheim",
    "type": "Landkreis",
    "state": "Bayern",
    "pop": 116203,
    "ags": "09474",
    "district": "Oberfranken",
    "lat": 49.721727,
    "long": 11.06568
  },
  {
    "name": "Hof",
    "rkiName": "LK Hof",
    "type": "Landkreis",
    "state": "Bayern",
    "pop": 94801,
    "ags": "09475",
    "district": "Oberfranken",
    "lat": 50.2175636638167,
    "long": 11.7864058962097
  },
  {
    "name": "Kronach",
    "rkiName": "LK Kronach",
    "type": "Landkreis",
    "state": "Bayern",
    "pop": 66743,
    "ags": "09476",
    "district": "Oberfranken",
    "lat": 50.3308144261184,
    "long": 11.3934849545112
  },
  {
    "name": "Kulmbach",
    "rkiName": "LK Kulmbach",
    "type": "Landkreis",
    "state": "Bayern",
    "pop": 71566,
    "ags": "09477",
    "district": "Oberfranken",
    "lat": 50.104806,
    "long": 11.448023
  },
  {
    "name": "Lichtenfels",
    "rkiName": "LK Lichtenfels",
    "type": "Landkreis",
    "state": "Bayern",
    "pop": 66776,
    "ags": "09478",
    "district": "Oberfranken",
    "lat": 50.118865697475,
    "long": 11.1238333278554
  },
  {
    "name": "Wunsiedel im Fichtelgebirge",
    "rkiName": "LK Wunsiedel i.Fichtelgebirge",
    "type": "Landkreis",
    "state": "Bayern",
    "pop": 72655,
    "ags": "09479",
    "district": "Oberfranken",
    "lat": 50.0842732455229,
    "long": 12.0329445262951
  },
  {
    "name": "Ansbach",
    "rkiName": "SK Ansbach",
    "type": "Stadt",
    "state": "Bayern",
    "pop": 41798,
    "ags": "09561",
    "district": "Mittelfranken",
    "lat": 49.2917917440462,
    "long": 10.5691214101633
  },
  {
    "name": "Erlangen",
    "rkiName": "SK Erlangen",
    "type": "Stadt",
    "state": "Bayern",
    "pop": 112528,
    "ags": "09562",
    "district": "Mittelfranken",
    "lat": 49.582771,
    "long": 10.991866
  },
  {
    "name": "Fürth",
    "rkiName": "SK Fürth",
    "type": "Stadt",
    "state": "Bayern",
    "pop": 128497,
    "ags": "09563",
    "district": "Mittelfranken",
    "lat": 49.4873703225354,
    "long": 10.969746684052
  },
  {
    "name": "Nürnberg",
    "rkiName": "SK Nürnberg",
    "type": "Stadt",
    "state": "Bayern",
    "pop": 518370,
    "ags": "09564",
    "district": "Mittelfranken",
    "lat": 49.446007,
    "long": 11.07977
  },
  {
    "name": "Schwabach",
    "rkiName": "SK Schwabach",
    "type": "Stadt",
    "state": "Bayern",
    "pop": 40981,
    "ags": "09565",
    "district": "Mittelfranken",
    "lat": 49.327516,
    "long": 11.029777
  },
  {
    "name": "Ansbach",
    "rkiName": "LK Ansbach",
    "type": "Landkreis",
    "state": "Bayern",
    "pop": 184591,
    "ags": "09571",
    "district": "Mittelfranken",
    "lat": 49.1877007720799,
    "long": 10.3811694046684
  },
  {
    "name": "Erlangen-Höchstadt",
    "rkiName": "LK Erlangen-Höchstadt",
    "type": "Landkreis",
    "state": "Bayern",
    "pop": 137262,
    "ags": "09572",
    "district": "Mittelfranken",
    "lat": 49.688893,
    "long": 10.861415
  },
  {
    "name": "Fürth",
    "rkiName": "LK Fürth",
    "type": "Landkreis",
    "state": "Bayern",
    "pop": 117853,
    "ags": "09573",
    "district": "Mittelfranken",
    "lat": 49.4372961904926,
    "long": 10.8464773690094
  },
  {
    "name": "Nürnberger Land",
    "rkiName": "LK Nürnberger Land",
    "type": "Landkreis",
    "state": "Bayern",
    "pop": 170792,
    "ags": "09574",
    "district": "Mittelfranken",
    "lat": 49.4973790087697,
    "long": 11.3780762901309
  },
  {
    "name": "Neustadt an der Aisch-Bad Windsheim",
    "rkiName": "LK Neustadt a.d.Aisch-Bad Windsheim",
    "type": "Landkreis",
    "state": "Bayern",
    "pop": 101014,
    "ags": "09575",
    "district": "Mittelfranken",
    "lat": 49.5623855918672,
    "long": 10.4689650916912
  },
  {
    "name": "Roth",
    "rkiName": "LK Roth",
    "type": "Landkreis",
    "state": "Bayern",
    "pop": 126749,
    "ags": "09576",
    "district": "Mittelfranken",
    "lat": 49.2187685237296,
    "long": 11.1181857575702
  },
  {
    "name": "Weißenburg-Gunzenhausen",
    "rkiName": "LK Weißenburg-Gunzenhausen",
    "type": "Landkreis",
    "state": "Bayern",
    "pop": 94734,
    "ags": "09577",
    "district": "Mittelfranken",
    "lat": 49.0242747528277,
    "long": 10.9042132680181
  },
  {
    "name": "Aschaffenburg",
    "rkiName": "SK Aschaffenburg",
    "type": "Stadt",
    "state": "Bayern",
    "pop": 71002,
    "ags": "09661",
    "district": "Unterfranken",
    "lat": 49.9555682275557,
    "long": 9.15922861936277
  },
  {
    "name": "Schweinfurt",
    "rkiName": "SK Schweinfurt",
    "type": "Stadt",
    "state": "Bayern",
    "pop": 53426,
    "ags": "09662",
    "district": "Unterfranken",
    "lat": 50.045714,
    "long": 10.223773
  },
  {
    "name": "Würzburg",
    "rkiName": "SK Würzburg",
    "type": "Stadt",
    "state": "Bayern",
    "pop": 127934,
    "ags": "09663",
    "district": "Unterfranken",
    "lat": 49.784984,
    "long": 9.941828
  },
  {
    "name": "Aschaffenburg",
    "rkiName": "LK Aschaffenburg",
    "type": "Landkreis",
    "state": "Bayern",
    "pop": 174200,
    "ags": "09671",
    "district": "Unterfranken",
    "lat": 50.0298632010399,
    "long": 9.29020226659561
  },
  {
    "name": "Bad Kissingen",
    "rkiName": "LK Bad Kissingen",
    "type": "Landkreis",
    "state": "Bayern",
    "pop": 103235,
    "ags": "09672",
    "district": "Unterfranken",
    "lat": 50.2126336060404,
    "long": 9.92966183837948
  },
  {
    "name": "Rhön-Grabfeld",
    "rkiName": "LK Rhön-Grabfeld",
    "type": "Landkreis",
    "state": "Bayern",
    "pop": 79635,
    "ags": "09673",
    "district": "Unterfranken",
    "lat": 50.3897948687147,
    "long": 10.2147221294157
  },
  {
    "name": "Haßberge",
    "rkiName": "LK Haßberge",
    "type": "Landkreis",
    "state": "Bayern",
    "pop": 84384,
    "ags": "09674",
    "district": "Unterfranken",
    "lat": 50.035764,
    "long": 10.517154
  },
  {
    "name": "Kitzingen",
    "rkiName": "LK Kitzingen",
    "type": "Landkreis",
    "state": "Bayern",
    "pop": 91155,
    "ags": "09675",
    "district": "Unterfranken",
    "lat": 49.7618638696856,
    "long": 10.2609481225567
  },
  {
    "name": "Miltenberg",
    "rkiName": "LK Miltenberg",
    "type": "Landkreis",
    "state": "Bayern",
    "pop": 128743,
    "ags": "09676",
    "district": "Unterfranken",
    "lat": 49.7618638696856,
    "long": 9.23627194126444
  },
  {
    "name": "Main-Spessart",
    "rkiName": "LK Main-Spessart",
    "type": "Landkreis",
    "state": "Bayern",
    "pop": 126158,
    "ags": "09677",
    "district": "Unterfranken",
    "lat": 49.9902534991352,
    "long": 9.6446015473433
  },
  {
    "name": "Schweinfurt",
    "rkiName": "LK Schweinfurt",
    "type": "Landkreis",
    "state": "Bayern",
    "pop": 115445,
    "ags": "09678",
    "district": "Unterfranken",
    "lat": 49.9555682275557,
    "long": 10.3148784478878
  },
  {
    "name": "Würzburg",
    "rkiName": "LK Würzburg",
    "type": "Landkreis",
    "state": "Bayern",
    "pop": 162302,
    "ags": "09679",
    "district": "Unterfranken",
    "lat": 49.6422750456956,
    "long": 9.97588783152048
  },
  {
    "name": "Augsburg",
    "rkiName": "SK Augsburg",
    "type": "Stadt",
    "state": "Bayern",
    "pop": 296582,
    "ags": "09761",
    "district": "Schwaben",
    "lat": 48.3493839375923,
    "long": 10.8923259074874
  },
  {
    "name": "Kaufbeuren",
    "rkiName": "SK Kaufbeuren",
    "type": "Stadt",
    "state": "Bayern",
    "pop": 44398,
    "ags": "09762",
    "district": "Schwaben",
    "lat": 47.882969,
    "long": 10.625408
  },
  {
    "name": "Kempten",
    "rkiName": "SK Kempten",
    "type": "Stadt",
    "state": "Bayern",
    "pop": 69151,
    "ags": "09763",
    "district": "Schwaben",
    "lat": 47.7374364383967,
    "long": 10.3157889217496
  },
  {
    "name": "Memmingen",
    "rkiName": "SK Memmingen",
    "type": "Stadt",
    "state": "Bayern",
    "pop": 44100,
    "ags": "09764",
    "district": "Schwaben",
    "lat": 47.9834628447018,
    "long": 10.1684961362747
  },
  {
    "name": "Aichach-Friedberg",
    "rkiName": "LK Aichach-Friedberg",
    "type": "Landkreis",
    "state": "Bayern",
    "pop": 134655,
    "ags": "09771",
    "district": "Schwaben",
    "lat": 48.453409,
    "long": 11.082892
  },
  {
    "name": "Augsburg",
    "rkiName": "LK Augsburg",
    "type": "Landkreis",
    "state": "Bayern",
    "pop": 253468,
    "ags": "09772",
    "district": "Schwaben",
    "lat": 48.379474,
    "long": 10.687782
  },
  {
    "name": "Dillingen an der Donau",
    "rkiName": "LK Dillingen a.d.Donau",
    "type": "Landkreis",
    "state": "Bayern",
    "pop": 96562,
    "ags": "09773",
    "district": "Schwaben",
    "lat": 48.589769967296,
    "long": 10.5416487718325
  },
  {
    "name": "Günzburg",
    "rkiName": "LK Günzburg",
    "type": "Landkreis",
    "state": "Bayern",
    "pop": 127027,
    "ags": "09774",
    "district": "Schwaben",
    "lat": 48.3533338745875,
    "long": 10.393056765199
  },
  {
    "name": "Neu-Ulm",
    "rkiName": "LK Neu-Ulm",
    "type": "Landkreis",
    "state": "Bayern",
    "pop": 175204,
    "ags": "09775",
    "district": "Schwaben",
    "lat": 48.301960809844,
    "long": 10.1374785137895
  },
  {
    "name": "Lindau (Bodensee)",
    "rkiName": "LK Lindau",
    "type": "Landkreis",
    "state": "Bayern",
    "pop": 81981,
    "ags": "09776",
    "district": "Schwaben",
    "lat": 47.6108332281354,
    "long": 9.88343584523848
  },
  {
    "name": "Ostallgäu",
    "rkiName": "LK Ostallgäu",
    "type": "Landkreis",
    "state": "Bayern",
    "pop": 141182,
    "ags": "09777",
    "district": "Schwaben",
    "lat": 47.7370506161643,
    "long": 10.6130091490705
  },
  {
    "name": "Unterallgäu",
    "rkiName": "LK Unterallgäu",
    "type": "Landkreis",
    "state": "Bayern",
    "pop": 145341,
    "ags": "09778",
    "district": "Schwaben",
    "lat": 48.065251,
    "long": 10.485471
  },
  {
    "name": "Donau-Ries",
    "rkiName": "LK Donau-Ries",
    "type": "Landkreis",
    "state": "Bayern",
    "pop": 133783,
    "ags": "09779",
    "district": "Schwaben",
    "lat": 48.8172781562418,
    "long": 10.7199591797926
  },
  {
    "name": "Oberallgäu",
    "rkiName": "LK Oberallgäu",
    "type": "Landkreis",
    "state": "Bayern",
    "pop": 156008,
    "ags": "09780",
    "district": "Schwaben",
    "lat": 47.516255,
    "long": 10.277425
  }
]